Amount,Concentration std
13,0.649191981706
9,0.649191981706
4,0.649191981706
