Amount,Concentration std
Opzoeken,0.073986161359
wachten,0.0162907260459
Scrollen,0.0956061788854
Lezen,0.0958479322917
Typen,0.107727022796
overige,0.114504583549
