Amount,Concentration std
10.0,0.0979612207861
11.0,0.0814056942521
7.0,0.0765204459955
5.0,0.0793106123095
10.0,0.120178829834
8.0,0.0802832027495
11.0,0.095815489643
17.0,0.0975498275586
12.0,0.100771904121
