Amount,Concentration std
7,0.108221864402
7,0.108221864402
9,0.108221864402
5,0.108221864402
8,0.108221864402
4,0.108221864402
7,0.108221864402
3,0.108221864402
3,0.108221864402
