Time_spent_sec,Concentration std
12,0.066452619341
28,0.027008301448
15,0.0650553483359
55,0.0273211316458
60,0.045648348949
60,0.0998259615866
115,0.0681953566039
45,0.0673967431532
55,0.0628280464566
58,0.128185530368
110,0.057260320828
155,0.0806576446928
51,0.0800774976174
10,0.0244284670006
35,0.129658371628
345,0.114963437385
95,0.129827609312
