Time_spent_seconds,Concentration std
58,0.0615323984829
8,0.020701583407
15,0.0901081532934
10,0.00583095189485
14,0.0367481938613
76,0.0984955329728
73,0.0631466836984
15,0.0310715913172
12,0.0294625185617
15,0.0475174675485
45,0.07730104886
40,0.0977879171201
17,0.0255282956257
263,0.105124757811
171,0.0572555283096
42,0.0929146898603
34,0.0823396633043
10,0.0795589158659
